"Topic 0","nullget","playlist","artist","track","album","audio","show","feature","browse","category","episode","null","analysis","search","image"
"Topic 1","nullget","playlist","artist","track","album","audio","show","feature","browse","category","episode","null","analysis","search","image"
"Topic 2","nullget","playlist","artist","track","album","audio","show","feature","browse","category","episode","null","analysis","search","image"
"Topic 3","nullget","playlist","artist","track","album","audio","show","feature","browse","category","episode","null","analysis","search","image"
"Topic 4","nullget","playlist","artist","track","album","audio","show","feature","browse","category","episode","null","analysis","search","image"
"Topic 5","nullget","playlist","artist","track","album","audio","show","feature","browse","category","episode","null","analysis","search","image"
"Topic 6","nullget","playlist","artist","track","album","audio","show","feature","browse","category","episode","null","analysis","search","image"
"Topic 7","nullget","playlist","artist","track","album","audio","show","feature","browse","category","episode","null","analysis","search","image"
"Topic 8","nullget","playlist","artist","track","album","audio","show","feature","browse","category","episode","null","analysis","search","image"
"Topic 9","nullget","playlist","artist","track","album","audio","show","feature","browse","category","episode","null","analysis","search","image"
"Topic 10","nullget","playlist","artist","track","album","audio","show","feature","browse","category","episode","null","analysis","search","image"
