"Topic 0","nullget","list","nullpost","status","friendship","user","destroy","create","id","show","subscriber","block","retweet","trend","timeline"
"Topic 1","nullget","list","nullpost","status","friendship","user","destroy","create","id","show","subscriber","block","retweet","trend","timeline"
"Topic 2","nullget","list","nullpost","status","friendship","user","destroy","create","id","show","subscriber","block","retweet","trend","timeline"
"Topic 3","nullget","list","nullpost","status","friendship","user","destroy","create","id","show","subscriber","block","retweet","trend","timeline"
"Topic 4","nullget","list","nullpost","status","friendship","user","destroy","create","id","show","subscriber","block","retweet","trend","timeline"
"Topic 5","nullget","list","nullpost","status","friendship","user","destroy","create","id","show","subscriber","block","retweet","trend","timeline"
"Topic 6","nullget","list","nullpost","status","friendship","user","destroy","create","id","show","subscriber","block","retweet","trend","timeline"
"Topic 7","nullget","list","nullpost","status","friendship","user","destroy","create","id","show","subscriber","block","retweet","trend","timeline"
"Topic 8","nullget","list","nullpost","status","friendship","user","destroy","create","id","show","subscriber","block","retweet","trend","timeline"
"Topic 9","nullget","list","nullpost","status","friendship","user","destroy","create","id","show","subscriber","block","retweet","trend","timeline"
"Topic 10","nullget","list","nullpost","status","friendship","user","destroy","create","id","show","subscriber","block","retweet","trend","timeline"
"Topic 11","nullget","list","nullpost","status","friendship","user","destroy","create","id","show","subscriber","block","retweet","trend","timeline"
