"Topic 0","nullget","tag","user","site","id","question","top","badge","sort","desc","order","activity","answer","moderator","reputation"
"Topic 1","nullget","tag","user","site","id","question","top","badge","sort","desc","order","activity","answer","moderator","reputation"
"Topic 2","nullget","tag","user","site","id","question","top","badge","sort","desc","order","activity","answer","moderator","reputation"
"Topic 3","nullget","tag","user","site","id","question","top","badge","sort","desc","order","activity","answer","moderator","reputation"
"Topic 4","nullget","tag","user","site","id","question","top","badge","sort","desc","order","activity","answer","moderator","reputation"
"Topic 5","nullget","tag","user","site","id","question","top","badge","sort","desc","order","activity","answer","moderator","reputation"
"Topic 6","nullget","tag","user","site","id","question","top","badge","sort","desc","order","activity","answer","moderator","reputation"
"Topic 7","nullget","tag","user","site","id","question","top","badge","sort","desc","order","activity","answer","moderator","reputation"
"Topic 8","nullget","tag","user","site","id","question","top","badge","sort","desc","order","activity","answer","moderator","reputation"
"Topic 9","nullget","tag","user","site","id","question","top","badge","sort","desc","order","activity","answer","moderator","reputation"
"Topic 10","nullget","tag","user","site","id","question","top","badge","sort","desc","order","activity","answer","moderator","reputation"
