"Topic 0","nullget","api","nasa","natural","photo","search","gld","datum","genelab","nstedapus","null","tle","project","techport","caption"
"Topic 1","nullget","api","nasa","natural","photo","search","gld","datum","genelab","nstedapus","null","tle","project","techport","caption"
"Topic 2","nullget","api","nasa","natural","photo","search","gld","datum","genelab","nstedapus","null","tle","project","techport","caption"
"Topic 3","nullget","api","nasa","natural","photo","search","gld","datum","genelab","nstedapus","null","tle","project","techport","caption"
"Topic 4","nullget","api","nasa","natural","photo","search","gld","datum","genelab","nstedapus","null","tle","project","techport","caption"
"Topic 5","nullget","api","nasa","natural","photo","search","gld","datum","genelab","nstedapus","null","tle","project","techport","caption"
"Topic 6","nullget","api","nasa","natural","photo","search","gld","datum","genelab","nstedapus","null","tle","project","techport","caption"
"Topic 7","nullget","api","nasa","natural","photo","search","gld","datum","genelab","nstedapus","null","tle","project","techport","caption"
"Topic 8","nullget","api","nasa","natural","photo","search","gld","datum","genelab","nstedapus","null","tle","project","techport","caption"
"Topic 9","nullget","api","nasa","natural","photo","search","gld","datum","genelab","nstedapus","null","tle","project","techport","caption"
"Topic 10","nullget","api","nasa","natural","photo","search","gld","datum","genelab","nstedapus","null","tle","project","techport","caption"
"Topic 11","nullget","api","nasa","natural","photo","search","gld","datum","genelab","nstedapus","null","tle","project","techport","caption"
"Topic 12","nullget","api","nasa","natural","photo","search","gld","datum","genelab","nstedapus","null","tle","project","techport","caption"
"Topic 13","nullget","api","nasa","natural","photo","search","gld","datum","genelab","nstedapus","null","tle","project","techport","caption"
"Topic 14","nullget","api","nasa","natural","photo","search","gld","datum","genelab","nstedapus","null","tle","project","techport","caption"
"Topic 15","nullget","api","nasa","natural","photo","search","gld","datum","genelab","nstedapus","null","tle","project","techport","caption"
"Topic 16","nullget","api","nasa","natural","photo","search","gld","datum","genelab","nstedapus","null","tle","project","techport","caption"
"Topic 17","nullget","api","nasa","natural","photo","search","gld","datum","genelab","nstedapus","null","tle","project","techport","caption"
"Topic 18","nullget","api","nasa","natural","photo","search","gld","datum","genelab","nstedapus","null","tle","project","techport","caption"
